id,name,email,password
1,brandon_only11,brandon.only11@mail.com,V4vkXjyo**
2,melissa_only51,melissa_only51@mail.com,)W8ZqUy+H4
3,melanie_real4,melanie.real4@mail.com,74kqYRRn_J
4,x_keith34,x.keith34@mail.com,2EFeWeoG@0
5,keith_only6,keith.only6@mail.com,k^4NM@cbLV
6,stephanie_x54,stephanie_x54@mail.com,$Sp2NcMmS&
7,only_lindsay1,only_lindsay1@mail.com,17Bq*@Lf+a
8,official_christine91,official_christine91@mail.com,$928ScsxMH
9,real_kayla24,real.kayla24@mail.com,Z5SGAur7$_
10,official_sonya11,official_sonya11@mail.com,)ah6Lk3k94
11,only_mary74,only_mary74@mail.com,pl6yHLtAt#
12,ms_robert51,ms_robert51@mail.com,+4%XISiA&(
13,only_patricia81,only.patricia81@mail.com,^#0Xan!x@@
14,only_colin31,only.colin31@mail.com,!7U9CdaZ8P
15,mr_lindsey68,mr.lindsey68@mail.com,*d7lFYvmLq
16,jacob_real13,jacob.real13@mail.com,EWD4@SLkX_
17,mr_christopher93,mr_christopher93@mail.com,6VufOmn$)2
18,mr_scott1,mr.scott1@mail.com,iL6r8Shn&%
19,ms_kimberly94,ms_kimberly94@mail.com,ub)5BhHkd&
20,the_patrick71,the_patrick71@mail.com,0A18Gjwp*H
21,the_denise70,the.denise70@mail.com,7Pm0i3Qu^)
22,official_eric32,official.eric32@mail.com,&0%4kRrq7#
23,x_brandon37,x_brandon37@mail.com,&23kjmLl59
24,the_catherine73,the_catherine73@mail.com,ka(1TwjMBu
25,tonya_x3,tonya_x3@mail.com,%c_tRmbEu5
26,official_raymond16,official_raymond16@mail.com,1Qa13Fjw%9
27,lisa_mr84,lisa_mr84@mail.com,0c)&WFqq#s
28,x_julie70,x.julie70@mail.com,4R+htM_g&a
29,real_maria65,real.maria65@mail.com,^z9Es5jDS6
30,mr_jordan8,mr.jordan8@mail.com,_2q#PzyPm@
31,joshua_x64,joshua.x64@mail.com,(#my7FjQou
32,real_randy12,real.randy12@mail.com,6CLPeUEf)*
33,joseph_official89,joseph.official89@mail.com,uYMN_7Qx*9
34,tony_only25,tony_only25@mail.com,Wo&82V&r1%
35,official_jennifer54,official_jennifer54@mail.com,9Eg7B_7ep@
36,only_alan64,only.alan64@mail.com,^1P3)Efm%H
37,mark_mr85,mark_mr85@mail.com,&5D4MkYLo9
38,victoria_mr6,victoria_mr6@mail.com,!r7VN^Nc#Y
39,the_karen89,the.karen89@mail.com,&An30+EnIM
40,x_dwayne9,x_dwayne9@mail.com,&5@@PFUSds
41,robin_x20,robin_x20@mail.com,od@lFC4k!9
42,real_elizabeth24,real.elizabeth24@mail.com,urzbXVgf_3
43,mr_austin43,mr_austin43@mail.com,0S%+_9Cp&l
44,mr_melanie45,mr_melanie45@mail.com,@S(4TPfrOR
45,ms_stephanie72,ms.stephanie72@mail.com,R_3l8Cj)aw
46,jeffrey_real44,jeffrey_real44@mail.com,2CF5@m!o^T
47,jason_only11,jason_only11@mail.com,IKB3Ou85&1
48,cynthia_mr15,cynthia.mr15@mail.com,QQ0J69m)%E
49,only_corey74,only.corey74@mail.com,^yVKfgXV98
50,kimberly_official55,kimberly.official55@mail.com,%w5C5Rff03
51,real_hannah98,real.hannah98@mail.com,@3%6Q5x_9u
52,danielle_real5,danielle_real5@mail.com,D7Jx!1L%(y
53,stephanie_ms60,stephanie_ms60@mail.com,u#7SUIe7Kd
54,real_elizabeth34,real_elizabeth34@mail.com,1+6F3asong
55,karen_official17,karen_official17@mail.com,D1)6B5do#E
56,official_evan6,official_evan6@mail.com,EL4aP!vS)G
57,alexander_x62,alexander_x62@mail.com,!%83dUs1^p
58,x_donna18,x.donna18@mail.com,+L5DVekvn#
59,the_jackson59,the_jackson59@mail.com,$x27IEyga(
60,alexandra_official33,alexandra_official33@mail.com,_9lggMShh^
61,only_angelica83,only_angelica83@mail.com,pYV7bXps!I
62,ms_andrew6,ms.andrew6@mail.com,pF0cB4Ye^i
63,mr_jerry56,mr_jerry56@mail.com,14JhQ!f#)g
64,only_kathy87,only.kathy87@mail.com,NA6bRg*jL*
65,amanda_the61,amanda_the61@mail.com,RN1XN2ej+k
66,real_william65,real_william65@mail.com,)5HR%fSxe5
67,margaret_real71,margaret_real71@mail.com,O_vk7XAG8d
68,darrell_ms84,darrell_ms84@mail.com,)5i*_qO$iD
69,the_tricia66,the.tricia66@mail.com,LO08+F&zy&
70,the_brian36,the_brian36@mail.com,k%8KyIvru1
71,jermaine_x56,jermaine.x56@mail.com,$9nsvowu4V
72,ms_traci75,ms_traci75@mail.com,hs$_6DWw)*
73,april_official73,april.official73@mail.com,lfNsY^h*_0
74,christian_x33,christian.x33@mail.com,B^$T3GmrUs
75,rachel_official25,rachel_official25@mail.com,*7M07MnY3o
76,the_brian72,the_brian72@mail.com,%uI&ZFzZ+4
77,spencer_x45,spencer_x45@mail.com,54ADwnSV#e
78,brooke_official24,brooke.official24@mail.com,_qcTr*d2T7
79,abigail_real40,abigail.real40@mail.com,#2Q+aWMQOB
80,ethan_the22,ethan_the22@mail.com,Hjh8KtQ7u!
81,michael_real21,michael_real21@mail.com,Nw^0tlUw$e
82,tina_real43,tina.real43@mail.com,4Iqxhpiv+g
83,official_lauren13,official.lauren13@mail.com,_0nxBLL58r
84,official_troy64,official.troy64@mail.com,@F88Ywwegn
85,karen_mr75,karen_mr75@mail.com,+TD1JnqTvm
86,bobby_official18,bobby_official18@mail.com,9!9_ELv@ZV
87,ms_faith86,ms.faith86@mail.com,R*898MZo_P
88,real_rebecca85,real_rebecca85@mail.com,&9WNiIY7F@
89,ms_molly5,ms.molly5@mail.com,@(yB(fyk)3
90,alexander_the36,alexander.the36@mail.com,%52U69zE*y
91,real_alejandra85,real.alejandra85@mail.com,$1CWrdrQqg
92,michael_official57,michael.official57@mail.com,*%6FZp6l%+
93,only_richard38,only.richard38@mail.com,!wAY8Ky3&8
94,lisa_official47,lisa_official47@mail.com,bJD#VMD)^9
95,the_lindsey27,the_lindsey27@mail.com,$Wi$8UHiur
96,victor_official3,victor.official3@mail.com,l*3nbH9f!&
97,kimberly_only50,kimberly.only50@mail.com,vBan4@Mp)v
98,dr._ms84,dr..ms84@mail.com,q!80u@NdF6
99,ms_justin67,ms.justin67@mail.com,(t%6AaHQO&
100,ms_lindsay54,ms_lindsay54@mail.com,$*FwleID2z
